cluster,n_verbatims,sample_comments,llm_summary
0,688,"Commercial au top vraiment. Très professionnel; Top merci; Demande le jeudi rendez-vous le vendredi au top merci ?; Service au top !!; Au top Arthur !; Personnel au TOP!!!; Une conseillère au top et super gentille,; Au top merci beaucoup; Personne au top.  
Merci; tres satisfaite aussi de l intervention du technicien à la maison au top !!!; Conseillère au top; L'assistante au top merci; Au top . Comme d'habitude; Efficace et rapide. Au top .; Conseiller au top","**Titre :** Service Client Exemplaire

**Idées principales :**
1. Les clients expriment une grande satisfaction envers le personnel, le qualifiant de ""top"" et professionnel.
2. La rapidité et l'efficacité des interventions sont souvent soulignées, notamment lors des rendez-vous.
3. La gentillesse et l'écoute des conseillers contribuent à une expérience client positive.

**Actions concrètes :**
1. Mettre en place un programme de reconnaissance pour récompenser les employés qui reçoivent des retours positifs de la part des clients.
2. Organiser des sessions de formation régulières pour maintenir et améliorer les compétences en service client du personnel.
3. Créer un système de feedback client pour recueillir des avis sur les interventions et le service, afin d'identifier les points forts et les axes d'amélioration."
1,11469,"Afin de garder vos abonnés, il n’y a pas assez de mails d’information concernant la sécurité et notamment le démarchage agressif demandant les POP de vos abonnés.; Une conseillère qui m'a écouté, n'a pas été ""directive"" et bien expliqué le pourquoi de mon problème avant de le régler.  
Ainsi, elle a bien compris, sans appuyer lourdement, que je préférais pour l'instant ne pas changer de forfait mais que je pensais passer à internet sur mon téléphone seulement dans quelques semaines !  
Merci à elle !; Je suis client FREE depuis plus de 20 ans et je suis toujours satisfait des services; Relisez mes commentaires  
Procédures trop compliquées  
Si vous ne trouvez pas de possibilité de récupérer le mail de votre boîte, j’en ouvrirai une chez d’autres.  
Merci, M. Pierre Martin, d’avoir essayé de me comprendre.; Je n'ai pas eu de réponse claire à ma demande; Client depuis plus de 16 ans chez Free dont j'étais satisfait, malheureusement je viens de subir un manque d'information lors de ma visite chez Free à La Valette-du-Var en rattachant le forfait de mon épouse sur le mien, jamais aucun souci de paiement depuis 16 ans, le mail de relance pour information nous pensions que c'était un mail frauduleux, nous sommes partis en Espagne, nous nous sommes retrouvés sans ligne fonctionnelle, sans internet, donc nous avons écourté nos vacances car sans téléphone nous étions dans une situation dangereuse en cas de panne ou de maladie. Depuis que je suis rentré en France, impossible d'avoir un conseiller par téléphone afin d'échanger, chez Free nous avons l'impression d'être des numéros et non des clients respectés. Cordialement; L'intervention de la personne n'a pas suffi, j'ai dû rappeler Free.; Le système de sécurité mis en Avenue des Champs, j'ai dû appeler le service client qui m'a aidé à accéder à mon espace abonné mais le code colis ne fonctionnait pas, j'ai dû me déplacer de nouveau au point relais pour récupérer mon portable le lendemain ; perte de temps alors que j'étais physiquement présent avec ma pièce d'identité.; Le traitement de ma demande est correct par le conseiller de proximité, je n'ai rien à dire.  
Malheureusement le problème vient d'un partenaire réseau aux US, et sur ce point (qui ne peut pas être résolu par le conseiller de proximité), je reste un peu dans l'attente que les services concernés puissent faire quelque chose.; Je n'ai eu aucune réponse. Pour débloquer la situation j'ai du me déplacer moi même en boutique. D'ailleurs encore merci aux conseillers de la boutique du Qwartz pour leur accueil, leur réactivité et leur savoir faire.; Pas du tout à l'écoute du client et dès le début de la communication très agressif.  
Oui je commanderai bien sûr Free à mes proches car j'ai au téléphone d'autres assistants bienfaits.; Pas très clair au niveau de la prise en charge des frais d'activation (si possibilité de se les faire rembourser pourquoi ne pas les laisser gratuits)  
De même le remboursement des frais de résiliation à l'ancien opérateur ne sont pas remboursés en une fois ?; Je ne suis plus chez vous depuis le 27/09/2025, je suis chez Free pour mon mobile et la box, j'ai retourné votre matériel le 2/10/2025.; Je devais recevoir un mail de la procédure à suivre que j'attends toujours. Le conseiller parlait trop vite. La ligne était mauvaise ...; Ne prends pas en compte la demande et ne réponds pas à la question posé","### Titre : Communication Clientèle

#### Résumé des idées principales :
1. **Manque de communication** : Les clients expriment un besoin accru d'informations claires et régulières, notamment concernant la sécurité et les procédures (ex. démarchage, activation de services).
2. **Qualité du service client** : Bien que certains conseillers soient appréciés pour leur écoute et leur aide, d'autres sont perçus comme agressifs ou peu attentifs, ce qui nuit à l'expérience client.
3. **Procédures complexes** : Les clients trouvent que les procédures sont trop compliquées et manquent de clarté, ce qui entraîne des frustrations et des déplacements inutiles.

#### Actions concrètes à entreprendre :
1. **Renforcer la communication** : Mettre en place une campagne d'information régulière par email pour tenir les clients informés des changements, des procédures et des questions de sécurité.
2. **Former le personnel** : Offrir des formations supplémentaires à tous les conseillers sur l'écoute active et la gestion des interactions avec les clients pour améliorer la qualité du service.
3. **Simplifier les procédures** : Réévaluer et simplifier les processus internes pour rendre les demandes et les activations de services plus fluides et compréhensibles pour les clients."
2,1158,"Merci à Roxanne et au service de proximité.  
J'étais sceptique sur ce système mais c'est rapide et efficace; Rapide et efficace; Rien à dire; Très agréable et efficace.; Merci  
C'était clair et rapide; RIEN A DIRE; Bonjour, j'ai eu un monsieur Pierre Martin a vraiment été très clair, rapide et efficace, merci à ce monsieur.; Super service, accueillant, clair, rapide et efficace. Dès que je retrouve un logement je reprend une box chez vous. Merci.; Rien à dire merci; Rien à dire. Echange clair.; Superbe équipe dépannage rapide et efficace; Efficace !; efficace; Réponse très rapide. Merci; Rien à dire, ne change rien, merci beaucoup, excellente soirée","**Titre :** Service Efficace

**Idées principales :**
1. Les clients expriment une grande satisfaction concernant la rapidité et l'efficacité du service.
2. Le personnel, notamment Roxanne et Pierre Martin, est souvent mentionné pour sa clarté et son accueil.
3. Les clients sont prêts à recommander le service et à l'utiliser à nouveau, soulignant une expérience positive globale.

**Actions concrètes :**
1. Mettre en place un programme de reconnaissance pour les employés qui reçoivent des éloges, comme Roxanne et Pierre Martin, afin de maintenir la motivation et l'engagement du personnel.
2. Continuer à former le personnel sur l'importance de la communication claire et de la rapidité dans le service pour maintenir les standards élevés.
3. Créer un système de feedback régulier pour recueillir les avis des clients et identifier les domaines d'amélioration, tout en renforçant les points positifs déjà appréciés."
3,15074,"Vos forfaits sont trop chers; Très difficile depuis l'étranger !!!!; Le service Proxi est un vrai service de qualité. Réponse rapide, claire et comprise.; Une fois le contact pris, très bien; Très bonne écoute et réponses à la hauteur de mes demandes!; Bonjour,

Je souhaite un remboursement des SMS+ comme déjà indiqué dans le précédent message; Merci bcp à Sophie de hier et Émilie de l'autre fois ?????; Stéphane a su être à l'écoute, compréhensible et de bon conseils ?; Nuuuuuuuuuul; J'ai souscrit une offre en tant qu'association sportive. Certains champs ne sont pas très adaptées pour les associations.; Conseillers incompétents qui donnent de mauvaises informations; TOUJOURS SATISFAITE DE FREE DEPUIS DES ANNEES. MEME DE 84 ANS MERCI; Incroyable les réponses ! Mais au final aucune solution.; Merci pour l'excellent contact avec la conseillère téléphonique avec qui j'ai pu expliquer mon problème, et qui a rapidement proposé une solution à ma requête.; Ma demande concerne mon abonnement internet et non mobile, je demande juste la modification de l'étage, j'habite au quatrième étage et non au troisième.","**Titre court :** Qualité du service

**Idées principales :**
1. Les clients expriment des avis divergents sur la qualité du service, avec des retours positifs sur l'écoute et la réactivité de certains conseillers, mais aussi des critiques concernant des informations erronées et un service client parfois incompétent.
2. Les tarifs des forfaits sont jugés trop élevés par certains clients, ce qui pourrait affecter leur satisfaction globale.
3. Des demandes spécifiques, comme des remboursements ou des modifications d'abonnement, semblent parfois mal prises en charge, entraînant frustration chez les clients.

**Actions concrètes :**
1. Mettre en place un programme de formation continue pour les conseillers afin d'améliorer la qualité des informations fournies et l'écoute des clients.
2. Réévaluer la structure tarifaire des forfaits pour la rendre plus compétitive et attractive, notamment pour les associations sportives.
3. Créer un processus simplifié pour le traitement des demandes de remboursement et de modification d'abonnement, afin de garantir une réponse rapide et efficace aux clients."
4,1297,"non merci; Merci pour tous et à tous; Merci!; Merci pour votre réactivité; Merci Angelique; Merci beaucoup Lucas pour votre efficacité et amabilité :); Merci pour votre réactivité; Axelle, la conseillère, ainsi que le technicien intervenu chez ma mère samedi et lundi, ont fait preuve d'un grand professionnalisme. Merci pour votre réactivité et votre efficacité. Je recommande vivement Free. Je vais venir aussi m'abonner chez vous !! Encore merci !; Très agréable, professionnelle et avec une touche d'humour qui a rendu l'échange encore plus sympathique.  
Merci pour votre efficacité et votre bonne humeur.; Florence est vraiment efficace Merci beaucoup; Merci pour l'accueil; Merci pour votre patience à tous pour les explications; Merci FREE !; merci pour votre professionnalisme et votre rapidité d'intervention; Tout va bien, merci pour votre retour","**Titre :** Satisfaction Client

**Idées principales :**
1. Les clients expriment leur gratitude pour la réactivité et l’efficacité des conseillers et techniciens.
2. Le professionnalisme et la bonne humeur des employés sont souvent mentionnés, ce qui contribue à une expérience positive.
3. Les clients recommandent l'entreprise et envisagent de s'abonner grâce à la qualité du service reçu.

**Actions concrètes :**
1. Mettre en place un programme de reconnaissance pour les employés afin de valoriser leur professionnalisme et leur bonne humeur.
2. Organiser des sessions de formation régulières pour renforcer les compétences en service client et en communication des équipes.
3. Créer un système de feedback client pour recueillir des avis et suggestions, permettant d'améliorer continuellement le service."
5,199,"Excellent  
Merci; Top ! Excellent service.; Personnelle Excellent; Le conseiller était excellent !; Excellent conseiller; Excellent conseiller merci beaucoup !; Excellent conseiller ?  
Merciiii pour votre aide ?; Free tient parole, c'est excellent !; excellent service et client satisfait depuis 20ans . Merci; Excellent interlocuteur ??; Excellent; Excellent; Excellent service, bravo; Excellent; Excellent conseiller, à l'écoute, sérieux, aimable et compétent.","**Titre :** Service Excellent

**Idées principales :**
1. Les clients expriment une satisfaction élevée concernant la qualité du service et des conseillers.
2. La compétence et l'écoute des conseillers sont souvent soulignées comme des points forts.
3. La fidélité des clients est notable, certains mentionnant des relations de longue durée avec l'entreprise.

**Actions concrètes :**
1. Mettre en place un programme de reconnaissance pour valoriser les conseillers qui obtiennent des retours positifs, afin de maintenir un haut niveau de motivation et de performance.
2. Créer des formations régulières pour les conseillers afin de renforcer leurs compétences en écoute et en service client.
3. Établir un système de feedback régulier pour recueillir les avis des clients, permettant ainsi d'identifier et de célébrer les succès tout en améliorant les points faibles."
6,851,Parfait; Parfait; Parfait; C'était parfait; parfait; Parfait; parfait merci; Parfait; Parfait; Parfait; Parfait. Merci; parfait; Parfait; parfait ;p; parfait,"**Titre :** Satisfaction totale

**Idées principales :**
1. Les clients expriment une satisfaction exceptionnelle concernant le service ou le produit.
2. Le terme ""parfait"" est utilisé de manière répétée, soulignant l'absence de critiques négatives.
3. Les clients semblent très contents et reconnaissants, ce qui indique une expérience client réussie.

**Actions concrètes :**
1. Continuer à maintenir et à renforcer les pratiques qui ont conduit à cette satisfaction élevée.
2. Mettre en place un programme de fidélité pour récompenser les clients satisfaits et les encourager à revenir.
3. Utiliser ces retours positifs dans des campagnes marketing pour attirer de nouveaux clients."
7,622,"Le conseiller était très professionnel.; Le conseiller très professionnel doit me rappeler ce matin à 9h30 pour les factures. Cordialement, Julien Martin.; Dylan a été très réactif et très professionnel lors de notre échange; Très agréable et très professionnel; Opérateur très professionnel; Gaël a été à l'écoute, très professionnel; Personne très sympathique et professionnel; Conseiller très agréable et professionnel.; Très professionnel très agréable et réponse très professionnel; Très agréable, très professionnel, continuer !!!; Très professionnel à l'écoute. Et très agréable; Personne au téléphone très professionnel; Très professionnel; Très bon conseiller, aimable et très professionnel et très gentil.; Technicien très professionnel. Rien d'autre à dire","**Titre :** Professionnalisme des conseillers

**Idées principales :**
1. Les clients soulignent la compétence et le professionnalisme des conseillers lors des échanges.
2. Les conseillers sont perçus comme agréables et à l'écoute, ce qui renforce l'expérience client positive.
3. La réactivité des conseillers est également appréciée, contribuant à une satisfaction générale.

**Actions concrètes :**
1. Mettre en place des sessions de formation continue pour les conseillers afin de maintenir et d'améliorer leur professionnalisme et leur écoute.
2. Établir un système de suivi des interactions clients pour s'assurer que les promesses de rappel et de réactivité sont respectées.
3. Créer un programme de reconnaissance pour les conseillers qui obtiennent des retours positifs, afin de motiver et valoriser leur travail."
8,4260,"Parfait, personne très aimable; La personne que j'ai eue au téléphone était très courtoise, très agréable et très prévenante. Il a parfaitement répondu à ma demande.; comme je l'ai dit dans votre autre questionnaire, personne très aimable, j'en suis ravie; Tout a été parfait merci à l'équipe de Saint-Denis très efficace et très sympathique ? Spécial thanks pour Julien; Je suis ravie personne très compétente très à l'écoute grande compréhension vraiment comme c'est agréable; Très bien conseillé. Dépannage réussi.; Un conseiller très à l'écoute et bienveillant qui a su m'orienter et prodiguer les conseils adaptés.; La personne était très agréable et bienveillante. Elle a su répondre parfaitement à ma demande.; Conseillé très gentil et à l'écoute.  
Je suis très satisfaite.; On m'a mal renseigné en boutique où l'attente était interminable. La personne au téléphone était très agréable et a donné de bons conseils.; Très sympa et super agréable.; La personne que j'ai eu était très gentille et très professionnelle ! Merci à lui !; Conseiller très sympa et à l'écoute et qui m'a trouvé une solution top; Technicien très très sympathique; Technicien à l'écoute et très compétent. Dossier suivi impeccablement.","### Titre : Service Client Exemplaire

### Idées principales :
1. Les clients apprécient la courtoisie, l'amabilité et la compétence des conseillers et techniciens.
2. La qualité de l'écoute et des conseils fournis est souvent soulignée, ce qui contribue à une satisfaction élevée.
3. Des expériences négatives sont mentionnées en boutique, notamment des informations erronées et des temps d'attente longs.

### Actions concrètes :
1. Former régulièrement le personnel en boutique sur l'écoute active et la communication efficace pour garantir un service client de qualité.
2. Mettre en place un système de suivi des demandes clients pour améliorer la réactivité et éviter les erreurs de renseignement.
3. Créer un programme de reconnaissance pour les employés qui se distinguent par leur service exceptionnel, afin de maintenir un haut niveau de motivation et de satisfaction."
9,543,"C'est très bien; Très bien !; Très bien merci; Très bien; Le gars était très bien.  
Merci.; Très bien; Très bien; Très bien; très bien; Très bien; Très bien merci; Très bien; Très bien; C' est très bien; Très bien","**Titre :** Satisfaction Client Élevée

**Idées principales :**
1. Les clients expriment une satisfaction générale très positive.
2. La qualité du service est souvent mentionnée comme un point fort.
3. Les remerciements fréquents indiquent une expérience client réussie.

**Actions concrètes :**
1. Continuer à maintenir et à renforcer la qualité du service pour préserver cette satisfaction.
2. Mettre en place un programme de reconnaissance pour les employés qui excellent dans leur service client.
3. Collecter des retours plus détaillés pour identifier des axes d'amélioration et des opportunités de développement."
